{"data":[{"level1_id":"01","level2s":[{"level2_id":"001","name":"Quận Ba Đình","type":"Quận","level3s":[]},{"level2_id":"002","name":"Quận Hoàn Kiếm","type":"Quận","level3s":[]},{"level2_id":"003","name":"Quận Tây Hồ","type":"Quận","level3s":[]},{"level2_id":"004","name":"Quận Long Biên","type":"Quận","level3s":[]},{"level2_id":"005","name":"Quận Cầu Giấy","type":"Quận","level3s":[]},{"level2_id":"006","name":"Quận Đống Đa","type":"Quận","level3s":[]},{"level2_id":"007","name":"Quận Hai Bà Trưng","type":"Quận","level3s":[]},{"level2_id":"008","name":"Quận Hoàng Mai","type":"Quận","level3s":[]},{"level2_id":"009","name":"Quận Thanh Xuân","type":"Quận","level3s":[]},{"level2_id":"016","name":"Sóc Sơn","type":"Huyện","level3s":[]},{"level2_id":"017","name":"Đông Anh","type":"Huyện","level3s":[]},{"level2_id":"018","name":"Gia Lâm","type":"Huyện","level3s":[]},{"level2_id":"019","name":"Quận Nam Từ Liêm","type":"Quận","level3s":[]},{"level2_id":"020","name":"Thanh Trì","type":"Huyện","level3s":[]},{"level2_id":"021","name":"Quận Bắc Từ Liêm","type":"Quận","level3s":[]},{"level2_id":"250","name":"Mê Linh","type":"Huyện","level3s":[]},{"level2_id":"268","name":"Quận Hà Đông","type":"Quận","level3s":[]},{"level2_id":"269","name":"Thị xã Sơn Tây","type":"Thị xã","level3s":[]},{"level2_id":"271","name":"Ba Vì","type":"Huyện","level3s":[]},{"level2_id":"272","name":"Phúc Thọ","type":"Huyện","level3s":[]},{"level2_id":"273","name":"Đan Phượng","type":"Huyện","level3s":[]},{"level2_id":"274","name":"Hoài Đức","type":"Huyện","level3s":[]},{"level2_id":"275","name":"Quốc Oai","type":"Huyện","level3s":[]},{"level2_id":"276","name":"Thạch Thất","type":"Huyện","level3s":[]},{"level2_id":"277","name":"Chương Mỹ","type":"Huyện","level3s":[]},{"level2_id":"278","name":"Thanh Oai","type":"Huyện","level3s":[]},{"level2_id":"279","name":"Thường Tín","type":"Huyện","level3s":[]},{"level2_id":"280","name":"Phú Xuyên","type":"Huyện","level3s":[]},{"level2_id":"281","name":"Ứng Hòa","type":"Huyện","level3s":[]},{"level2_id":"282","name":"Mỹ Đức","type":"Huyện","level3s":[]}],"name":"Hà Nội","type":"Thành phố Trung ương"},{"level1_id":"79","level2s":[{"level2_id":"760","name":"Quận 1","type":"Quận","level3s":[]},{"level2_id":"761","name":"Quận 12","type":"Quận","level3s":[]},{"level2_id":"764","name":"Quận Gò Vấp","type":"Quận","level3s":[]},{"level2_id":"765","name":"Quận Bình Thạnh","type":"Quận","level3s":[]},{"level2_id":"766","name":"Quận Tân Bình","type":"Quận","level3s":[]},{"level2_id":"767","name":"Quận Tân Phú","type":"Quận","level3s":[]},{"level2_id":"768","name":"Quận Phú Nhuận","type":"Quận","level3s":[]},{"level2_id":"769","name":"Thành phố Thủ Đức","type":"Thành phố","level3s":[]},{"level2_id":"770","name":"Quận 3","type":"Quận","level3s":[]},{"level2_id":"771","name":"Quận 10","type":"Quận","level3s":[]},{"level2_id":"772","name":"Quận 11","type":"Quận","level3s":[]},{"level2_id":"773","name":"Quận 4","type":"Quận","level3s":[]},{"level2_id":"774","name":"Quận 5","type":"Quận","level3s":[]},{"level2_id":"775","name":"Quận 6","type":"Quận","level3s":[]},{"level2_id":"776","name":"Quận 8","type":"Quận","level3s":[]},{"level2_id":"777","name":"Quận Bình Tân","type":"Quận","level3s":[]},{"level2_id":"778","name":"Quận 7","type":"Quận","level3s":[]},{"level2_id":"783","name":"Củ Chi","type":"Huyện","level3s":[]},{"level2_id":"784","name":"Hóc Môn","type":"Huyện","level3s":[]},{"level2_id":"785","name":"Bình Chánh","type":"Huyện","level3s":[]},{"level2_id":"786","name":"Nhà Bè","type":"Huyện","level3s":[]},{"level2_id":"787","name":"Cần Giờ","type":"Huyện","level3s":[]}],"name":"Thành phố Hồ Chí Minh","type":"Thành phố Trung ương"},{"level1_id":"48","level2s":[{"level2_id":"490","name":"Quận Liên Chiểu","type":"Quận","level3s":[]},{"level2_id":"491","name":"Quận Thanh Khê","type":"Quận","level3s":[]},{"level2_id":"492","name":"Quận Hải Châu","type":"Quận","level3s":[]},{"level2_id":"493","name":"Quận Sơn Trà","type":"Quận","level3s":[]},{"level2_id":"494","name":"Quận Ngũ Hành Sơn","type":"Quận","level3s":[]},{"level2_id":"495","name":"Quận Cẩm Lệ","type":"Quận","level3s":[]},{"level2_id":"497","name":"Hòa Vang","type":"Huyện","level3s":[]},{"level2_id":"498","name":"Hoàng Sa","type":"Huyện","level3s":[]}],"name":"Đà Nẵng","type":"Thành phố Trung ương"},{"level1_id":"89","level2s":[{"level2_id":"883","name":"Thành phố Long Xuyên","type":"Thành phố","level3s":[]},{"level2_id":"884","name":"Thành phố Châu Đốc","type":"Thành phố","level3s":[]},{"level2_id":"886","name":"An Phú","type":"Huyện","level3s":[]},{"level2_id":"887","name":"Thị xã Tân Châu","type":"Thị xã","level3s":[]},{"level2_id":"888","name":"Phú Tân","type":"Huyện","level3s":[]},{"level2_id":"889","name":"Châu Phú","type":"Huyện","level3s":[]},{"level2_id":"890","name":"Tịnh Biên","type":"Huyện","level3s":[]},{"level2_id":"891","name":"Tri Tôn","type":"Huyện","level3s":[]},{"level2_id":"892","name":"Châu Thành","type":"Huyện","level3s":[]},{"level2_id":"893","name":"Chợ Mới","type":"Huyện","level3s":[]},{"level2_id":"894","name":"Thoại Sơn","type":"Huyện","level3s":[]}],"name":"An Giang","type":"Tỉnh"},{"level1_id":"77","level2s":[{"level2_id":"747","name":"Thành phố Vũng Tàu","type":"Thành phố","level3s":[]},{"level2_id":"748","name":"Thành phố Bà Rịa","type":"Thành phố","level3s":[]},{"level2_id":"750","name":"Châu Đức","type":"Huyện","level3s":[]},{"level2_id":"751","name":"Xuyên Mộc","type":"Huyện","level3s":[]},{"level2_id":"752","name":"Long Điền","type":"Huyện","level3s":[]},{"level2_id":"753","name":"Đất Đỏ","type":"Huyện","level3s":[]},{"level2_id":"754","name":"Thị xã Phú Mỹ","type":"Thị xã","level3s":[]},{"level2_id":"755","name":"Côn Đảo","type":"Huyện","level3s":[]}],"name":"Bà Rịa - Vũng Tàu","type":"Tỉnh"},{"level1_id":"74","level2s":[{"level2_id":"718","name":"Thành phố Thủ Dầu Một","type":"Thành phố","level3s":[]},{"level2_id":"719","name":"Bàu Bàng","type":"Huyện","level3s":[]},{"level2_id":"720","name":"Dầu Tiếng","type":"Huyện","level3s":[]},{"level2_id":"721","name":"Thị xã Bến Cát","type":"Thị xã","level3s":[]},{"level2_id":"722","name":"Phú Giáo","type":"Huyện","level3s":[]},{"level2_id":"723","name":"Thị xã Tân Uyên","type":"Thị xã","level3s":[]},{"level2_id":"724","name":"Thành phố Dĩ An","type":"Thành phố","level3s":[]},{"level2_id":"725","name":"Thành phố Thuận An","type":"Thành phố","level3s":[]},{"level2_id":"726","name":"Bắc Tân Uyên","type":"Huyện","level3s":[]}],"name":"Bình Dương","type":"Tỉnh"},{"level1_id":"70","level2s":[{"level2_id":"688","name":"Thị xã Phước Long","type":"Thị xã","level3s":[]},{"level2_id":"689","name":"Thành phố Đồng Xoài","type":"Thành phố","level3s":[]},{"level2_id":"690","name":"Thị xã Bình Long","type":"Thị xã","level3s":[]},{"level2_id":"691","name":"Bù Gia Mập","type":"Huyện","level3s":[]},{"level2_id":"692","name":"Lộc Ninh","type":"Huyện","level3s":[]},{"level2_id":"693","name":"Bù Đốp","type":"Huyện","level3s":[]},{"level2_id":"694","name":"Hớn Quản","type":"Huyện","level3s":[]},{"level2_id":"695","name":"Đồng Phú","type":"Huyện","level3s":[]},{"level2_id":"696","name":"Bù Đăng","type":"Huyện","level3s":[]},{"level2_id":"697","name":"Chơn Thành","type":"Huyện","level3s":[]},{"level2_id":"698","name":"Phú Riềng","type":"Huyện","level3s":[]}],"name":"Bình Phước","type":"Tỉnh"},{"level1_id":"60","level2s":[{"level2_id":"593","name":"Thành phố Phan Thiết","type":"Thành phố","level3s":[]},{"level2_id":"594","name":"Thị xã La Gi","type":"Thị xã","level3s":[]},{"level2_id":"595","name":"Tuy Phong","type":"Huyện","level3s":[]},{"level2_id":"596","name":"Bắc Bình","type":"Huyện","level3s":[]},{"level2_id":"597","name":"Hàm Thuận Bắc","type":"Huyện","level3s":[]},{"level2_id":"598","name":"Hàm Thuận Nam","type":"Huyện","level3s":[]},{"level2_id":"599","name":"Tánh Linh","type":"Huyện","level3s":[]},{"level2_id":"600","name":"Đức Linh","type":"Huyện","level3s":[]},{"level2_id":"601","name":"Hàm Tân","type":"Huyện","level3s":[]},{"level2_id":"602","name":"Phú Quí","type":"Huyện","level3s":[]}],"name":"Bình Thuận","type":"Tỉnh"},{"level1_id":"52","level2s":[{"level2_id":"540","name":"Thành phố Quy Nhơn","type":"Thành phố","level3s":[]},{"level2_id":"542","name":"An Lão","type":"Huyện","level3s":[]},{"level2_id":"543","name":"Thị xã Hoài Nhơn","type":"Thị xã","level3s":[]},{"level2_id":"544","name":"Hoài Ân","type":"Huyện","level3s":[]},{"level2_id":"545","name":"Phù Mỹ","type":"Huyện","level3s":[]},{"level2_id":"546","name":"Vĩnh Thạnh","type":"Huyện","level3s":[]},{"level2_id":"547","name":"Tây Sơn","type":"Huyện","level3s":[]},{"level2_id":"548","name":"Phù Cát","type":"Huyện","level3s":[]},{"level2_id":"549","name":"Thị xã An Nhơn","type":"Thị xã","level3s":[]},{"level2_id":"550","name":"Tuy Phước","type":"Huyện","level3s":[]},{"level2_id":"551","name":"Vân Canh","type":"Huyện","level3s":[]}],"name":"Bình Định","type":"Tỉnh"},{"level1_id":"95","level2s":[{"level2_id":"954","name":"Thành phố Bạc Liêu","type":"Thành phố","level3s":[]},{"level2_id":"956","name":"Hồng Dân","type":"Huyện","level3s":[]},{"level2_id":"957","name":"Phước Long","type":"Huyện","level3s":[]},{"level2_id":"958","name":"Vĩnh Lợi","type":"Huyện","level3s":[]},{"level2_id":"959","name":"Thị xã Giá Rai","type":"Thị xã","level3s":[]},{"level2_id":"960","name":"Đông Hải","type":"Huyện","level3s":[]},{"level2_id":"961","name":"Hoà Bình","type":"Huyện","level3s":[]}],"name":"Bạc Liêu","type":"Tỉnh"},{"level1_id":"24","level2s":[{"level2_id":"213","name":"Thành phố Bắc Giang","type":"Thành phố","level3s":[]},{"level2_id":"215","name":"Yên Thế","type":"Huyện","level3s":[]},{"level2_id":"216","name":"Tân Yên","type":"Huyện","level3s":[]},{"level2_id":"217","name":"Lạng Giang","type":"Huyện","level3s":[]},{"level2_id":"218","name":"Lục Nam","type":"Huyện","level3s":[]},{"level2_id":"219","name":"Lục Ngạn","type":"Huyện","level3s":[]},{"level2_id":"220","name":"Sơn Động","type":"Huyện","level3s":[]},{"level2_id":"221","name":"Yên Dũng","type":"Huyện","level3s":[]},{"level2_id":"222","name":"Việt Yên","type":"Huyện","level3s":[]},{"level2_id":"223","name":"Hiệp Hòa","type":"Huyện","level3s":[]}],"name":"Bắc Giang","type":"Tỉnh"},{"level1_id":"06","level2s":[{"level2_id":"058","name":"Thành Phố Bắc Kạn","type":"Thành phố","level3s":[]},{"level2_id":"060","name":"Pác Nặm","type":"Huyện","level3s":[]},{"level2_id":"061","name":"Ba Bể","type":"Huyện","level3s":[]},{"level2_id":"062","name":"Ngân Sơn","type":"Huyện","level3s":[]},{"level2_id":"063","name":"Bạch Thông","type":"Huyện","level3s":[]},{"level2_id":"064","name":"Chợ Đồn","type":"Huyện","level3s":[]},{"level2_id":"065","name":"Chợ Mới","type":"Huyện","level3s":[]},{"level2_id":"066","name":"Na Rì","type":"Huyện","level3s":[]}],"name":"Bắc Kạn","type":"Tỉnh"},{"level1_id":"27","level2s":[{"level2_id":"256","name":"Thành phố Bắc Ninh","type":"Thành phố","level3s":[]},{"level2_id":"258","name":"Yên Phong","type":"Huyện","level3s":[]},{"level2_id":"259","name":"Quế Võ","type":"Huyện","level3s":[]},{"level2_id":"260","name":"Tiên Du","type":"Huyện","level3s":[]},{"level2_id":"261","name":"Thị xã Từ Sơn","type":"Thị xã","level3s":[]},{"level2_id":"262","name":"Thuận Thành","type":"Huyện","level3s":[]},{"level2_id":"263","name":"Gia Bình","type":"Huyện","level3s":[]},{"level2_id":"264","name":"Lương Tài","type":"Huyện","level3s":[]}],"name":"Bắc Ninh","type":"Tỉnh"},{"level1_id":"83","level2s":[{"level2_id":"829","name":"Thành phố Bến Tre","type":"Thành phố","level3s":[]},{"level2_id":"831","name":"Châu Thành","type":"Huyện","level3s":[]},{"level2_id":"832","name":"Chợ Lách","type":"Huyện","level3s":[]},{"level2_id":"833","name":"Mỏ Cày Nam","type":"Huyện","level3s":[]},{"level2_id":"834","name":"Giồng Trôm","type":"Huyện","level3s":[]},{"level2_id":"835","name":"Bình Đại","type":"Huyện","level3s":[]},{"level2_id":"836","name":"Ba Tri","type":"Huyện","level3s":[]},{"level2_id":"837","name":"Thạnh Phú","type":"Huyện","level3s":[]},{"level2_id":"838","name":"Mỏ Cày Bắc","type":"Huyện","level3s":[]}],"name":"Bến Tre","type":"Tỉnh"},{"level1_id":"04","level2s":[{"level2_id":"040","name":"Thành phố Cao Bằng","type":"Thành phố","level3s":[]},{"level2_id":"042","name":"Bảo Lâm","type":"Huyện","level3s":[]},{"level2_id":"043","name":"Bảo Lạc","type":"Huyện","level3s":[]},{"level2_id":"045","name":"Hà Quảng","type":"Huyện","level3s":[]},{"level2_id":"047","name":"Trùng Khánh","type":"Huyện","level3s":[]},{"level2_id":"048","name":"Hạ Lang","type":"Huyện","level3s":[]},{"level2_id":"049","name":"Quảng Hòa","type":"Huyện","level3s":[]},{"level2_id":"051","name":"Hoà An","type":"Huyện","level3s":[]},{"level2_id":"052","name":"Nguyên Bình","type":"Huyện","level3s":[]},{"level2_id":"053","name":"Thạch An","type":"Huyện","level3s":[]}],"name":"Cao Bằng","type":"Tỉnh"},{"level1_id":"96","level2s":[{"level2_id":"964","name":"Thành phố Cà Mau","type":"Thành phố","level3s":[]},{"level2_id":"966","name":"U Minh","type":"Huyện","level3s":[]},{"level2_id":"967","name":"Thới Bình","type":"Huyện","level3s":[]},{"level2_id":"968","name":"Trần Văn Thời","type":"Huyện","level3s":[]},{"level2_id":"969","name":"Cái Nước","type":"Huyện","level3s":[]},{"level2_id":"970","name":"Đầm Dơi","type":"Huyện","level3s":[]},{"level2_id":"971","name":"Năm Căn","type":"Huyện","level3s":[]},{"level2_id":"972","name":"Phú Tân","type":"Huyện","level3s":[]},{"level2_id":"973","name":"Ngọc Hiển","type":"Huyện","level3s":[]}],"name":"Cà Mau","type":"Tỉnh"},{"level1_id":"92","level2s":[{"level2_id":"916","name":"Quận Ninh Kiều","type":"Quận","level3s":[]},{"level2_id":"917","name":"Quận Ô Môn","type":"Quận","level3s":[]},{"level2_id":"918","name":"Quận Bình Thuỷ","type":"Quận","level3s":[]},{"level2_id":"919","name":"Quận Cái Răng","type":"Quận","level3s":[]},{"level2_id":"923","name":"Quận Thốt Nốt","type":"Quận","level3s":[]},{"level2_id":"924","name":"Vĩnh Thạnh","type":"Huyện","level3s":[]},{"level2_id":"925","name":"Cờ Đỏ","type":"Huyện","level3s":[]},{"level2_id":"926","name":"Phong Điền","type":"Huyện","level3s":[]},{"level2_id":"927","name":"Thới Lai","type":"Huyện","level3s":[]}],"name":"Cần Thơ","type":"Thành phố Trung ương"},{"level1_id":"64","level2s":[{"level2_id":"622","name":"Thành phố Pleiku","type":"Thành phố","level3s":[]},{"level2_id":"623","name":"Thị xã An Khê","type":"Thị xã","level3s":[]},{"level2_id":"624","name":"Thị xã Ayun Pa","type":"Thị xã","level3s":[]},{"level2_id":"625","name":"KBang","type":"Huyện","level3s":[]},{"level2_id":"626","name":"Đăk Đoa","type":"Huyện","level3s":[]},{"level2_id":"627","name":"Chư Păh","type":"Huyện","level3s":[]},{"level2_id":"628","name":"Ia Grai","type":"Huyện","level3s":[]},{"level2_id":"629","name":"Mang Yang","type":"Huyện","level3s":[]},{"level2_id":"630","name":"Kông Chro","type":"Huyện","level3s":[]},{"level2_id":"631","name":"Đức Cơ","type":"Huyện","level3s":[]},{"level2_id":"632","name":"Chư Prông","type":"Huyện","level3s":[]},{"level2_id":"633","name":"Chư Sê","type":"Huyện","level3s":[]},{"level2_id":"634","name":"Đăk Pơ","type":"Huyện","level3s":[]},{"level2_id":"635","name":"Ia Pa","type":"Huyện","level3s":[]},{"level2_id":"637","name":"Krông Pa","type":"Huyện","level3s":[]},{"level2_id":"638","name":"Phú Thiện","type":"Huyện","level3s":[]},{"level2_id":"639","name":"Chư Pưh","type":"Huyện","level3s":[]}],"name":"Gia Lai","type":"Tỉnh"},{"level1_id":"17","level2s":[{"level2_id":"148","name":"Thành phố Hòa Bình","type":"Thành phố","level3s":[]},{"level2_id":"150","name":"Đà Bắc","type":"Huyện","level3s":[]},{"level2_id":"152","name":"Lương Sơn","type":"Huyện","level3s":[]},{"level2_id":"153","name":"Kim Bôi","type":"Huyện","level3s":[]},{"level2_id":"154","name":"Cao Phong","type":"Huyện","level3s":[]},{"level2_id":"155","name":"Tân Lạc","type":"Huyện","level3s":[]},{"level2_id":"156","name":"Mai Châu","type":"Huyện","level3s":[]},{"level2_id":"157","name":"Lạc Sơn","type":"Huyện","level3s":[]},{"level2_id":"158","name":"Yên Thủy","type":"Huyện","level3s":[]},{"level2_id":"159","name":"Lạc Thủy","type":"Huyện","level3s":[]}],"name":"Hoà Bình","type":"Tỉnh"},{"level1_id":"02","level2s":[{"level2_id":"024","name":"Thành phố Hà Giang","type":"Thành phố","level3s":[]},{"level2_id":"026","name":"Đồng Văn","type":"Huyện","level3s":[]},{"level2_id":"027","name":"Mèo Vạc","type":"Huyện","level3s":[]},{"level2_id":"028","name":"Yên Minh","type":"Huyện","level3s":[]},{"level2_id":"029","name":"Quản Bạ","type":"Huyện","level3s":[]},{"level2_id":"030","name":"Vị Xuyên","type":"Huyện","level3s":[]},{"level2_id":"031","name":"Bắc Mê","type":"Huyện","level3s":[]},{"level2_id":"032","name":"Hoàng Su Phì","type":"Huyện","level3s":[]},{"level2_id":"033","name":"Xín Mần","type":"Huyện","level3s":[]},{"level2_id":"034","name":"Bắc Quang","type":"Huyện","level3s":[]},{"level2_id":"035","name":"Quang Bình","type":"Huyện","level3s":[]}],"name":"Hà Giang","type":"Tỉnh"},{"level1_id":"35","level2s":[{"level2_id":"347","name":"Thành phố Phủ Lý","type":"Thành phố","level3s":[]},{"level2_id":"349","name":"Thị xã Duy Tiên","type":"Thị xã","level3s":[]},{"level2_id":"350","name":"Kim Bảng","type":"Huyện","level3s":[]},{"level2_id":"351","name":"Thanh Liêm","type":"Huyện","level3s":[]},{"level2_id":"352","name":"Bình Lục","type":"Huyện","level3s":[]},{"level2_id":"353","name":"Lý Nhân","type":"Huyện","level3s":[]}],"name":"Hà Nam","type":"Tỉnh"},{"level1_id":"42","level2s":[{"level2_id":"436","name":"Thành phố Hà Tĩnh","type":"Thành phố","level3s":[]},{"level2_id":"437","name":"Thị xã Hồng Lĩnh","type":"Thị xã","level3s":[]},{"level2_id":"439","name":"Hương Sơn","type":"Huyện","level3s":[]},{"level2_id":"440","name":"Đức Thọ","type":"Huyện","level3s":[]},{"level2_id":"441","name":"Vũ Quang","type":"Huyện","level3s":[]},{"level2_id":"442","name":"Nghi Xuân","type":"Huyện","level3s":[]},{"level2_id":"443","name":"Can Lộc","type":"Huyện","level3s":[]},{"level2_id":"444","name":"Hương Khê","type":"Huyện","level3s":[]},{"level2_id":"445","name":"Thạch Hà","type":"Huyện","level3s":[]},{"level2_id":"446","name":"Cẩm Xuyên","type":"Huyện","level3s":[]},{"level2_id":"447","name":"Kỳ Anh","type":"Huyện","level3s":[]},{"level2_id":"448","name":"Lộc Hà","type":"Huyện","level3s":[]},{"level2_id":"449","name":"Thị xã Kỳ Anh","type":"Thị xã","level3s":[]}],"name":"Hà Tĩnh","type":"Tỉnh"},{"level1_id":"33","level2s":[{"level2_id":"323","name":"Thành phố Hưng Yên","type":"Thành phố","level3s":[]},{"level2_id":"325","name":"Văn Lâm","type":"Huyện","level3s":[]},{"level2_id":"326","name":"Văn Giang","type":"Huyện","level3s":[]},{"level2_id":"327","name":"Yên Mỹ","type":"Huyện","level3s":[]},{"level2_id":"328","name":"Thị xã Mỹ Hào","type":"Thị xã","level3s":[]},{"level2_id":"329","name":"Ân Thi","type":"Huyện","level3s":[]},{"level2_id":"330","name":"Khoái Châu","type":"Huyện","level3s":[]},{"level2_id":"331","name":"Kim Động","type":"Huyện","level3s":[]},{"level2_id":"332","name":"Tiên Lữ","type":"Huyện","level3s":[]},{"level2_id":"333","name":"Phù Cừ","type":"Huyện","level3s":[]}],"name":"Hưng Yên","type":"Tỉnh"},{"level1_id":"30","level2s":[{"level2_id":"288","name":"Thành phố Hải Dương","type":"Thành phố","level3s":[]},{"level2_id":"290","name":"Thành phố Chí Linh","type":"Thành phố","level3s":[]},{"level2_id":"291","name":"Nam Sách","type":"Huyện","level3s":[]},{"level2_id":"292","name":"Thị xã Kinh Môn","type":"Thị xã","level3s":[]},{"level2_id":"293","name":"Kim Thành","type":"Huyện","level3s":[]},{"level2_id":"294","name":"Thanh Hà","type":"Huyện","level3s":[]},{"level2_id":"295","name":"Cẩm Giàng","type":"Huyện","level3s":[]},{"level2_id":"296","name":"Bình Giang","type":"Huyện","level3s":[]},{"level2_id":"297","name":"Gia Lộc","type":"Huyện","level3s":[]},{"level2_id":"298","name":"Tứ Kỳ","type":"Huyện","level3s":[]},{"level2_id":"299","name":"Ninh Giang","type":"Huyện","level3s":[]},{"level2_id":"300","name":"Thanh Miện","type":"Huyện","level3s":[]}],"name":"Hải Dương","type":"Tỉnh"},{"level1_id":"31","level2s":[{"level2_id":"303","name":"Quận Hồng Bàng","type":"Quận","level3s":[]},{"level2_id":"304","name":"Quận Ngô Quyền","type":"Quận","level3s":[]},{"level2_id":"305","name":"Quận Lê Chân","type":"Quận","level3s":[]},{"level2_id":"306","name":"Quận Hải An","type":"Quận","level3s":[]},{"level2_id":"307","name":"Quận Kiến An","type":"Quận","level3s":[]},{"level2_id":"308","name":"Quận Đồ Sơn","type":"Quận","level3s":[]},{"level2_id":"309","name":"Quận Dương Kinh","type":"Quận","level3s":[]},{"level2_id":"311","name":"Thuỷ Nguyên","type":"Huyện","level3s":[]},{"level2_id":"312","name":"An Dương","type":"Huyện","level3s":[]},{"level2_id":"313","name":"An Lão","type":"Huyện","level3s":[]},{"level2_id":"314","name":"Kiến Thuỵ","type":"Huyện","level3s":[]},{"level2_id":"315","name":"Tiên Lãng","type":"Huyện","level3s":[]},{"level2_id":"316","name":"Vĩnh Bảo","type":"Huyện","level3s":[]},{"level2_id":"317","name":"Cát Hải","type":"Huyện","level3s":[]},{"level2_id":"318","name":"Bạch Long Vĩ","type":"Huyện","level3s":[]}],"name":"Hải Phòng","type":"Thành phố Trung ương"},{"level1_id":"93","level2s":[{"level2_id":"930","name":"Thành phố Vị Thanh","type":"Thành phố","level3s":[]},{"level2_id":"931","name":"Thành phố Ngã Bảy","type":"Thành phố","level3s":[]},{"level2_id":"932","name":"Châu Thành A","type":"Huyện","level3s":[]},{"level2_id":"933","name":"Châu Thành","type":"Huyện","level3s":[]},{"level2_id":"934","name":"Phụng Hiệp","type":"Huyện","level3s":[]},{"level2_id":"935","name":"Vị Thuỷ","type":"Huyện","level3s":[]},{"level2_id":"936","name":"Long Mỹ","type":"Huyện","level3s":[]},{"level2_id":"937","name":"Thị xã Long Mỹ","type":"Thị xã","level3s":[]}],"name":"Hậu Giang","type":"Tỉnh"},{"level1_id":"56","level2s":[{"level2_id":"568","name":"Thành phố Nha Trang","type":"Thành phố","level3s":[]},{"level2_id":"569","name":"Thành phố Cam Ranh","type":"Thành phố","level3s":[]},{"level2_id":"570","name":"Cam Lâm","type":"Huyện","level3s":[]},{"level2_id":"571","name":"Vạn Ninh","type":"Huyện","level3s":[]},{"level2_id":"572","name":"Thị xã Ninh Hòa","type":"Thị xã","level3s":[]},{"level2_id":"573","name":"Khánh Vĩnh","type":"Huyện","level3s":[]},{"level2_id":"574","name":"Diên Khánh","type":"Huyện","level3s":[]},{"level2_id":"575","name":"Khánh Sơn","type":"Huyện","level3s":[]},{"level2_id":"576","name":"Trường Sa","type":"Huyện","level3s":[]}],"name":"Khánh Hòa","type":"Tỉnh"},{"level1_id":"91","level2s":[{"level2_id":"899","name":"Thành phố Rạch Giá","type":"Thành phố","level3s":[]},{"level2_id":"900","name":"Thành phố Hà Tiên","type":"Thành phố","level3s":[]},{"level2_id":"902","name":"Kiên Lương","type":"Huyện","level3s":[]},{"level2_id":"903","name":"Hòn Đất","type":"Huyện","level3s":[]},{"level2_id":"904","name":"Tân Hiệp","type":"Huyện","level3s":[]},{"level2_id":"905","name":"Châu Thành","type":"Huyện","level3s":[]},{"level2_id":"906","name":"Giồng Riềng","type":"Huyện","level3s":[]},{"level2_id":"907","name":"Gò Quao","type":"Huyện","level3s":[]},{"level2_id":"908","name":"An Biên","type":"Huyện","level3s":[]},{"level2_id":"909","name":"An Minh","type":"Huyện","level3s":[]},{"level2_id":"910","name":"Vĩnh Thuận","type":"Huyện","level3s":[]},{"level2_id":"911","name":"Thành phố Phú Quốc","type":"Thành phố","level3s":[]},{"level2_id":"912","name":"Kiên Hải","type":"Huyện","level3s":[]},{"level2_id":"913","name":"U Minh Thượng","type":"Huyện","level3s":[]},{"level2_id":"914","name":"Giang Thành","type":"Huyện","level3s":[]}],"name":"Kiên Giang","type":"Tỉnh"},{"level1_id":"62","level2s":[{"level2_id":"608","name":"Thành phố Kon Tum","type":"Thành phố","level3s":[]},{"level2_id":"610","name":"Đắk Glei","type":"Huyện","level3s":[]},{"level2_id":"611","name":"Ngọc Hồi","type":"Huyện","level3s":[]},{"level2_id":"612","name":"Đắk Tô","type":"Huyện","level3s":[]},{"level2_id":"613","name":"Kon Plông","type":"Huyện","level3s":[]},{"level2_id":"614","name":"Kon Rẫy","type":"Huyện","level3s":[]},{"level2_id":"615","name":"Đắk Hà","type":"Huyện","level3s":[]},{"level2_id":"616","name":"Sa Thầy","type":"Huyện","level3s":[]},{"level2_id":"617","name":"Tu Mơ Rông","type":"Huyện","level3s":[]},{"level2_id":"618","name":"Ia H' Drai","type":"Huyện","level3s":[]}],"name":"Kon Tum","type":"Tỉnh"},{"level1_id":"12","level2s":[{"level2_id":"105","name":"Thành phố Lai Châu","type":"Thành phố","level3s":[]},{"level2_id":"106","name":"Tam Đường","type":"Huyện","level3s":[]},{"level2_id":"107","name":"Mường Tè","type":"Huyện","level3s":[]},{"level2_id":"108","name":"Sìn Hồ","type":"Huyện","level3s":[]},{"level2_id":"109","name":"Phong Thổ","type":"Huyện","level3s":[]},{"level2_id":"110","name":"Than Uyên","type":"Huyện","level3s":[]},{"level2_id":"111","name":"Tân Uyên","type":"Huyện","level3s":[]},{"level2_id":"112","name":"Nậm Nhùn","type":"Huyện","level3s":[]}],"name":"Lai Châu","type":"Tỉnh"},{"level1_id":"80","level2s":[{"level2_id":"794","name":"Thành phố Tân An","type":"Thành phố","level3s":[]},{"level2_id":"795","name":"Thị xã Kiến Tường","type":"Thị xã","level3s":[]},{"level2_id":"796","name":"Tân Hưng","type":"Huyện","level3s":[]},{"level2_id":"797","name":"Vĩnh Hưng","type":"Huyện","level3s":[]},{"level2_id":"798","name":"Mộc Hóa","type":"Huyện","level3s":[]},{"level2_id":"799","name":"Tân Thạnh","type":"Huyện","level3s":[]},{"level2_id":"800","name":"Thạnh Hóa","type":"Huyện","level3s":[]},{"level2_id":"801","name":"Đức Huệ","type":"Huyện","level3s":[]},{"level2_id":"802","name":"Đức Hòa","type":"Huyện","level3s":[]},{"level2_id":"803","name":"Bến Lức","type":"Huyện","level3s":[]},{"level2_id":"804","name":"Thủ Thừa","type":"Huyện","level3s":[]},{"level2_id":"805","name":"Tân Trụ","type":"Huyện","level3s":[]},{"level2_id":"806","name":"Cần Đước","type":"Huyện","level3s":[]},{"level2_id":"807","name":"Cần Giuộc","type":"Huyện","level3s":[]},{"level2_id":"808","name":"Châu Thành","type":"Huyện","level3s":[]}],"name":"Long An","type":"Tỉnh"},{"level1_id":"10","level2s":[{"level2_id":"080","name":"Thành phố Lào Cai","type":"Thành phố","level3s":[]},{"level2_id":"082","name":"Bát Xát","type":"Huyện","level3s":[]},{"level2_id":"083","name":"Mường Khương","type":"Huyện","level3s":[]},{"level2_id":"084","name":"Si Ma Cai","type":"Huyện","level3s":[]},{"level2_id":"085","name":"Bắc Hà","type":"Huyện","level3s":[]},{"level2_id":"086","name":"Bảo Thắng","type":"Huyện","level3s":[]},{"level2_id":"087","name":"Bảo Yên","type":"Huyện","level3s":[]},{"level2_id":"088","name":"Thị xã Sa Pa","type":"Thị xã","level3s":[]},{"level2_id":"089","name":"Văn Bàn","type":"Huyện","level3s":[]}],"name":"Lào Cai","type":"Tỉnh"},{"level1_id":"68","level2s":[{"level2_id":"672","name":"Thành phố Đà Lạt","type":"Thành phố","level3s":[]},{"level2_id":"673","name":"Thành phố Bảo Lộc","type":"Thành phố","level3s":[]},{"level2_id":"674","name":"Đam Rông","type":"Huyện","level3s":[]},{"level2_id":"675","name":"Lạc Dương","type":"Huyện","level3s":[]},{"level2_id":"676","name":"Lâm Hà","type":"Huyện","level3s":[]},{"level2_id":"677","name":"Đơn Dương","type":"Huyện","level3s":[]},{"level2_id":"678","name":"Đức Trọng","type":"Huyện","level3s":[]},{"level2_id":"679","name":"Di Linh","type":"Huyện","level3s":[]},{"level2_id":"680","name":"Bảo Lâm","type":"Huyện","level3s":[]},{"level2_id":"681","name":"Đạ Huoai","type":"Huyện","level3s":[]},{"level2_id":"682","name":"Đạ Tẻh","type":"Huyện","level3s":[]},{"level2_id":"683","name":"Cát Tiên","type":"Huyện","level3s":[]}],"name":"Lâm Đồng","type":"Tỉnh"},{"level1_id":"20","level2s":[{"level2_id":"178","name":"Thành phố Lạng Sơn","type":"Thành phố","level3s":[]},{"level2_id":"180","name":"Tràng Định","type":"Huyện","level3s":[]},{"level2_id":"181","name":"Bình Gia","type":"Huyện","level3s":[]},{"level2_id":"182","name":"Văn Lãng","type":"Huyện","level3s":[]},{"level2_id":"183","name":"Cao Lộc","type":"Huyện","level3s":[]},{"level2_id":"184","name":"Văn Quan","type":"Huyện","level3s":[]},{"level2_id":"185","name":"Bắc Sơn","type":"Huyện","level3s":[]},{"level2_id":"186","name":"Hữu Lũng","type":"Huyện","level3s":[]},{"level2_id":"187","name":"Chi Lăng","type":"Huyện","level3s":[]},{"level2_id":"188","name":"Lộc Bình","type":"Huyện","level3s":[]},{"level2_id":"189","name":"Đình Lập","type":"Huyện","level3s":[]}],"name":"Lạng Sơn","type":"Tỉnh"},{"level1_id":"36","level2s":[{"level2_id":"356","name":"Thành phố Nam Định","type":"Thành phố","level3s":[]},{"level2_id":"358","name":"Mỹ Lộc","type":"Huyện","level3s":[]},{"level2_id":"359","name":"Vụ Bản","type":"Huyện","level3s":[]},{"level2_id":"360","name":"Ý Yên","type":"Huyện","level3s":[]},{"level2_id":"361","name":"Nghĩa Hưng","type":"Huyện","level3s":[]},{"level2_id":"362","name":"Nam Trực","type":"Huyện","level3s":[]},{"level2_id":"363","name":"Trực Ninh","type":"Huyện","level3s":[]},{"level2_id":"364","name":"Xuân Trường","type":"Huyện","level3s":[]},{"level2_id":"365","name":"Giao Thủy","type":"Huyện","level3s":[]},{"level2_id":"366","name":"Hải Hậu","type":"Huyện","level3s":[]}],"name":"Nam Định","type":"Tỉnh"},{"level1_id":"40","level2s":[{"level2_id":"412","name":"Thành phố Vinh","type":"Thành phố","level3s":[]},{"level2_id":"413","name":"Thị xã Cửa Lò","type":"Thị xã","level3s":[]},{"level2_id":"414","name":"Thị xã Thái Hoà","type":"Thị xã","level3s":[]},{"level2_id":"415","name":"Quế Phong","type":"Huyện","level3s":[]},{"level2_id":"416","name":"Quỳ Châu","type":"Huyện","level3s":[]},{"level2_id":"417","name":"Kỳ Sơn","type":"Huyện","level3s":[]},{"level2_id":"418","name":"Tương Dương","type":"Huyện","level3s":[]},{"level2_id":"419","name":"Nghĩa Đàn","type":"Huyện","level3s":[]},{"level2_id":"420","name":"Quỳ Hợp","type":"Huyện","level3s":[]},{"level2_id":"421","name":"Quỳnh Lưu","type":"Huyện","level3s":[]},{"level2_id":"422","name":"Con Cuông","type":"Huyện","level3s":[]},{"level2_id":"423","name":"Tân Kỳ","type":"Huyện","level3s":[]},{"level2_id":"424","name":"Anh Sơn","type":"Huyện","level3s":[]},{"level2_id":"425","name":"Diễn Châu","type":"Huyện","level3s":[]},{"level2_id":"426","name":"Yên Thành","type":"Huyện","level3s":[]},{"level2_id":"427","name":"Đô Lương","type":"Huyện","level3s":[]},{"level2_id":"428","name":"Thanh Chương","type":"Huyện","level3s":[]},{"level2_id":"429","name":"Nghi Lộc","type":"Huyện","level3s":[]},{"level2_id":"430","name":"Nam Đàn","type":"Huyện","level3s":[]},{"level2_id":"431","name":"Hưng Nguyên","type":"Huyện","level3s":[]},{"level2_id":"432","name":"Thị xã Hoàng Mai","type":"Thị xã","level3s":[]}],"name":"Nghệ An","type":"Tỉnh"},{"level1_id":"37","level2s":[{"level2_id":"369","name":"Thành phố Ninh Bình","type":"Thành phố","level3s":[]},{"level2_id":"370","name":"Thành phố Tam Điệp","type":"Thành phố","level3s":[]},{"level2_id":"372","name":"Nho Quan","type":"Huyện","level3s":[]},{"level2_id":"373","name":"Gia Viễn","type":"Huyện","level3s":[]},{"level2_id":"374","name":"Hoa Lư","type":"Huyện","level3s":[]},{"level2_id":"375","name":"Yên Khánh","type":"Huyện","level3s":[]},{"level2_id":"376","name":"Kim Sơn","type":"Huyện","level3s":[]},{"level2_id":"377","name":"Yên Mô","type":"Huyện","level3s":[]}],"name":"Ninh Bình","type":"Tỉnh"},{"level1_id":"58","level2s":[{"level2_id":"582","name":"Thành phố Phan Rang-Tháp Chàm","type":"Thành phố","level3s":[]},{"level2_id":"584","name":"Bác Ái","type":"Huyện","level3s":[]},{"level2_id":"585","name":"Ninh Sơn","type":"Huyện","level3s":[]},{"level2_id":"586","name":"Ninh Hải","type":"Huyện","level3s":[]},{"level2_id":"587","name":"Ninh Phước","type":"Huyện","level3s":[]},{"level2_id":"588","name":"Thuận Bắc","type":"Huyện","level3s":[]},{"level2_id":"589","name":"Thuận Nam","type":"Huyện","level3s":[]}],"name":"Ninh Thuận","type":"Tỉnh"},{"level1_id":"25","level2s":[{"level2_id":"227","name":"Thành phố Việt Trì","type":"Thành phố","level3s":[]},{"level2_id":"228","name":"Thị xã Phú Thọ","type":"Thị xã","level3s":[]},{"level2_id":"230","name":"Đoan Hùng","type":"Huyện","level3s":[]},{"level2_id":"231","name":"Hạ Hoà","type":"Huyện","level3s":[]},{"level2_id":"232","name":"Thanh Ba","type":"Huyện","level3s":[]},{"level2_id":"233","name":"Phù Ninh","type":"Huyện","level3s":[]},{"level2_id":"234","name":"Yên Lập","type":"Huyện","level3s":[]},{"level2_id":"235","name":"Cẩm Khê","type":"Huyện","level3s":[]},{"level2_id":"236","name":"Tam Nông","type":"Huyện","level3s":[]},{"level2_id":"237","name":"Lâm Thao","type":"Huyện","level3s":[]},{"level2_id":"238","name":"Thanh Sơn","type":"Huyện","level3s":[]},{"level2_id":"239","name":"Thanh Thuỷ","type":"Huyện","level3s":[]},{"level2_id":"240","name":"Tân Sơn","type":"Huyện","level3s":[]}],"name":"Phú Thọ","type":"Tỉnh"},{"level1_id":"54","level2s":[{"level2_id":"555","name":"Thành phố Tuy Hoà","type":"Thành phố","level3s":[]},{"level2_id":"557","name":"Thị xã Sông Cầu","type":"Thị xã","level3s":[]},{"level2_id":"558","name":"Đồng Xuân","type":"Huyện","level3s":[]},{"level2_id":"559","name":"Tuy An","type":"Huyện","level3s":[]},{"level2_id":"560","name":"Sơn Hòa","type":"Huyện","level3s":[]},{"level2_id":"561","name":"Sông Hinh","type":"Huyện","level3s":[]},{"level2_id":"562","name":"Tây Hoà","type":"Huyện","level3s":[]},{"level2_id":"563","name":"Phú Hoà","type":"Huyện","level3s":[]},{"level2_id":"564","name":"Thị xã Đông Hòa","type":"Thị xã","level3s":[]}],"name":"Phú Yên","type":"Tỉnh"},{"level1_id":"44","level2s":[{"level2_id":"450","name":"Thành Phố Đồng Hới","type":"Thành phố","level3s":[]},{"level2_id":"452","name":"Minh Hóa","type":"Huyện","level3s":[]},{"level2_id":"453","name":"Tuyên Hóa","type":"Huyện","level3s":[]},{"level2_id":"454","name":"Quảng Trạch","type":"Huyện","level3s":[]},{"level2_id":"455","name":"Bố Trạch","type":"Huyện","level3s":[]},{"level2_id":"456","name":"Quảng Ninh","type":"Huyện","level3s":[]},{"level2_id":"457","name":"Lệ Thủy","type":"Huyện","level3s":[]},{"level2_id":"458","name":"Thị xã Ba Đồn","type":"Thị xã","level3s":[]}],"name":"Quảng Bình","type":"Tỉnh"},{"level1_id":"49","level2s":[{"level2_id":"502","name":"Thành phố Tam Kỳ","type":"Thành phố","level3s":[]},{"level2_id":"503","name":"Thành phố Hội An","type":"Thành phố","level3s":[]},{"level2_id":"504","name":"Tây Giang","type":"Huyện","level3s":[]},{"level2_id":"505","name":"Đông Giang","type":"Huyện","level3s":[]},{"level2_id":"506","name":"Đại Lộc","type":"Huyện","level3s":[]},{"level2_id":"507","name":"Thị xã Điện Bàn","type":"Thị xã","level3s":[]},{"level2_id":"508","name":"Duy Xuyên","type":"Huyện","level3s":[]},{"level2_id":"509","name":"Quế Sơn","type":"Huyện","level3s":[]},{"level2_id":"510","name":"Nam Giang","type":"Huyện","level3s":[]},{"level2_id":"511","name":"Phước Sơn","type":"Huyện","level3s":[]},{"level2_id":"512","name":"Hiệp Đức","type":"Huyện","level3s":[]},{"level2_id":"513","name":"Thăng Bình","type":"Huyện","level3s":[]},{"level2_id":"514","name":"Tiên Phước","type":"Huyện","level3s":[]},{"level2_id":"515","name":"Bắc Trà My","type":"Huyện","level3s":[]},{"level2_id":"516","name":"Nam Trà My","type":"Huyện","level3s":[]},{"level2_id":"517","name":"Núi Thành","type":"Huyện","level3s":[]},{"level2_id":"518","name":"Phú Ninh","type":"Huyện","level3s":[]},{"level2_id":"519","name":"Nông Sơn","type":"Huyện","level3s":[]}],"name":"Quảng Nam","type":"Tỉnh"},{"level1_id":"51","level2s":[{"level2_id":"522","name":"Thành phố Quảng Ngãi","type":"Thành phố","level3s":[]},{"level2_id":"524","name":"Bình Sơn","type":"Huyện","level3s":[]},{"level2_id":"525","name":"Trà Bồng","type":"Huyện","level3s":[]},{"level2_id":"527","name":"Sơn Tịnh","type":"Huyện","level3s":[]},{"level2_id":"528","name":"Tư Nghĩa","type":"Huyện","level3s":[]},{"level2_id":"529","name":"Sơn Hà","type":"Huyện","level3s":[]},{"level2_id":"530","name":"Sơn Tây","type":"Huyện","level3s":[]},{"level2_id":"531","name":"Minh Long","type":"Huyện","level3s":[]},{"level2_id":"532","name":"Nghĩa Hành","type":"Huyện","level3s":[]},{"level2_id":"533","name":"Mộ Đức","type":"Huyện","level3s":[]},{"level2_id":"534","name":"Thị xã Đức Phổ","type":"Thị xã","level3s":[]},{"level2_id":"535","name":"Ba Tơ","type":"Huyện","level3s":[]},{"level2_id":"536","name":"Lý Sơn","type":"Huyện","level3s":[]}],"name":"Quảng Ngãi","type":"Tỉnh"},{"level1_id":"22","level2s":[{"level2_id":"193","name":"Thành phố Hạ Long","type":"Thành phố","level3s":[]},{"level2_id":"194","name":"Thành phố Móng Cái","type":"Thành phố","level3s":[]},{"level2_id":"195","name":"Thành phố Cẩm Phả","type":"Thành phố","level3s":[]},{"level2_id":"196","name":"Thành phố Uông Bí","type":"Thành phố","level3s":[]},{"level2_id":"198","name":"Bình Liêu","type":"Huyện","level3s":[]},{"level2_id":"199","name":"Tiên Yên","type":"Huyện","level3s":[]},{"level2_id":"200","name":"Đầm Hà","type":"Huyện","level3s":[]},{"level2_id":"201","name":"Hải Hà","type":"Huyện","level3s":[]},{"level2_id":"202","name":"Ba Chẽ","type":"Huyện","level3s":[]},{"level2_id":"203","name":"Vân Đồn","type":"Huyện","level3s":[]},{"level2_id":"205","name":"Thị xã Đông Triều","type":"Thị xã","level3s":[]},{"level2_id":"206","name":"Thị xã Quảng Yên","type":"Thị xã","level3s":[]},{"level2_id":"207","name":"Cô Tô","type":"Huyện","level3s":[]}],"name":"Quảng Ninh","type":"Tỉnh"},{"level1_id":"45","level2s":[{"level2_id":"461","name":"Thành phố Đông Hà","type":"Thành phố","level3s":[]},{"level2_id":"462","name":"Thị xã Quảng Trị","type":"Thị xã","level3s":[]},{"level2_id":"464","name":"Vĩnh Linh","type":"Huyện","level3s":[]},{"level2_id":"465","name":"Hướng Hóa","type":"Huyện","level3s":[]},{"level2_id":"466","name":"Gio Linh","type":"Huyện","level3s":[]},{"level2_id":"467","name":"Đa Krông","type":"Huyện","level3s":[]},{"level2_id":"468","name":"Cam Lộ","type":"Huyện","level3s":[]},{"level2_id":"469","name":"Triệu Phong","type":"Huyện","level3s":[]},{"level2_id":"470","name":"Hải Lăng","type":"Huyện","level3s":[]},{"level2_id":"471","name":"Cồn Cỏ","type":"Huyện","level3s":[]}],"name":"Quảng Trị","type":"Tỉnh"},{"level1_id":"94","level2s":[{"level2_id":"941","name":"Thành phố Sóc Trăng","type":"Thành phố","level3s":[]},{"level2_id":"942","name":"Châu Thành","type":"Huyện","level3s":[]},{"level2_id":"943","name":"Kế Sách","type":"Huyện","level3s":[]},{"level2_id":"944","name":"Mỹ Tú","type":"Huyện","level3s":[]},{"level2_id":"945","name":"Cù Lao Dung","type":"Huyện","level3s":[]},{"level2_id":"946","name":"Long Phú","type":"Huyện","level3s":[]},{"level2_id":"947","name":"Mỹ Xuyên","type":"Huyện","level3s":[]},{"level2_id":"948","name":"Thị xã Ngã Năm","type":"Thị xã","level3s":[]},{"level2_id":"949","name":"Thạnh Trị","type":"Huyện","level3s":[]},{"level2_id":"950","name":"Thị xã Vĩnh Châu","type":"Thị xã","level3s":[]},{"level2_id":"951","name":"Trần Đề","type":"Huyện","level3s":[]}],"name":"Sóc Trăng","type":"Tỉnh"},{"level1_id":"14","level2s":[{"level2_id":"116","name":"Thành phố Sơn La","type":"Thành phố","level3s":[]},{"level2_id":"118","name":"Quỳnh Nhai","type":"Huyện","level3s":[]},{"level2_id":"119","name":"Thuận Châu","type":"Huyện","level3s":[]},{"level2_id":"120","name":"Mường La","type":"Huyện","level3s":[]},{"level2_id":"121","name":"Bắc Yên","type":"Huyện","level3s":[]},{"level2_id":"122","name":"Phù Yên","type":"Huyện","level3s":[]},{"level2_id":"123","name":"Mộc Châu","type":"Huyện","level3s":[]},{"level2_id":"124","name":"Yên Châu","type":"Huyện","level3s":[]},{"level2_id":"125","name":"Mai Sơn","type":"Huyện","level3s":[]},{"level2_id":"126","name":"Sông Mã","type":"Huyện","level3s":[]},{"level2_id":"127","name":"Sốp Cộp","type":"Huyện","level3s":[]},{"level2_id":"128","name":"Vân Hồ","type":"Huyện","level3s":[]}],"name":"Sơn La","type":"Tỉnh"},{"level1_id":"38","level2s":[{"level2_id":"380","name":"Thành phố Thanh Hóa","type":"Thành phố","level3s":[]},{"level2_id":"381","name":"Thị xã Bỉm Sơn","type":"Thị xã","level3s":[]},{"level2_id":"382","name":"Thành phố Sầm Sơn","type":"Thành phố","level3s":[]},{"level2_id":"384","name":"Mường Lát","type":"Huyện","level3s":[]},{"level2_id":"385","name":"Quan Hóa","type":"Huyện","level3s":[]},{"level2_id":"386","name":"Bá Thước","type":"Huyện","level3s":[]},{"level2_id":"387","name":"Quan Sơn","type":"Huyện","level3s":[]},{"level2_id":"388","name":"Lang Chánh","type":"Huyện","level3s":[]},{"level2_id":"389","name":"Ngọc Lặc","type":"Huyện","level3s":[]},{"level2_id":"390","name":"Cẩm Thủy","type":"Huyện","level3s":[]},{"level2_id":"391","name":"Thạch Thành","type":"Huyện","level3s":[]},{"level2_id":"392","name":"Hà Trung","type":"Huyện","level3s":[]},{"level2_id":"393","name":"Vĩnh Lộc","type":"Huyện","level3s":[]},{"level2_id":"394","name":"Yên Định","type":"Huyện","level3s":[]},{"level2_id":"395","name":"Thọ Xuân","type":"Huyện","level3s":[]},{"level2_id":"396","name":"Thường Xuân","type":"Huyện","level3s":[]},{"level2_id":"397","name":"Triệu Sơn","type":"Huyện","level3s":[]},{"level2_id":"398","name":"Thiệu Hóa","type":"Huyện","level3s":[]},{"level2_id":"399","name":"Hoằng Hóa","type":"Huyện","level3s":[]},{"level2_id":"400","name":"Hậu Lộc","type":"Huyện","level3s":[]},{"level2_id":"401","name":"Nga Sơn","type":"Huyện","level3s":[]},{"level2_id":"402","name":"Như Xuân","type":"Huyện","level3s":[]},{"level2_id":"403","name":"Như Thanh","type":"Huyện","level3s":[]},{"level2_id":"404","name":"Nông Cống","type":"Huyện","level3s":[]},{"level2_id":"405","name":"Đông Sơn","type":"Huyện","level3s":[]},{"level2_id":"406","name":"Quảng Xương","type":"Huyện","level3s":[]},{"level2_id":"407","name":"Thị xã Nghi Sơn","type":"Thị xã","level3s":[]}],"name":"Thanh Hóa","type":"Tỉnh"},{"level1_id":"34","level2s":[{"level2_id":"336","name":"Thành phố Thái Bình","type":"Thành phố","level3s":[]},{"level2_id":"338","name":"Quỳnh Phụ","type":"Huyện","level3s":[]},{"level2_id":"339","name":"Hưng Hà","type":"Huyện","level3s":[]},{"level2_id":"340","name":"Đông Hưng","type":"Huyện","level3s":[]},{"level2_id":"341","name":"Thái Thụy","type":"Huyện","level3s":[]},{"level2_id":"342","name":"Tiền Hải","type":"Huyện","level3s":[]},{"level2_id":"343","name":"Kiến Xương","type":"Huyện","level3s":[]},{"level2_id":"344","name":"Vũ Thư","type":"Huyện","level3s":[]}],"name":"Thái Bình","type":"Tỉnh"},{"level1_id":"19","level2s":[{"level2_id":"164","name":"Thành phố Thái Nguyên","type":"Thành phố","level3s":[]},{"level2_id":"165","name":"Thành phố Sông Công","type":"Thành phố","level3s":[]},{"level2_id":"167","name":"Định Hóa","type":"Huyện","level3s":[]},{"level2_id":"168","name":"Phú Lương","type":"Huyện","level3s":[]},{"level2_id":"169","name":"Đồng Hỷ","type":"Huyện","level3s":[]},{"level2_id":"170","name":"Võ Nhai","type":"Huyện","level3s":[]},{"level2_id":"171","name":"Đại Từ","type":"Huyện","level3s":[]},{"level2_id":"172","name":"Thị xã Phổ Yên","type":"Thị xã","level3s":[]},{"level2_id":"173","name":"Phú Bình","type":"Huyện","level3s":[]}],"name":"Thái Nguyên","type":"Tỉnh"},{"level1_id":"46","level2s":[{"level2_id":"474","name":"Thành phố Huế","type":"Thành phố","level3s":[]},{"level2_id":"476","name":"Phong Điền","type":"Huyện","level3s":[]},{"level2_id":"477","name":"Quảng Điền","type":"Huyện","level3s":[]},{"level2_id":"478","name":"Phú Vang","type":"Huyện","level3s":[]},{"level2_id":"479","name":"Thị xã Hương Thủy","type":"Thị xã","level3s":[]},{"level2_id":"480","name":"Thị xã Hương Trà","type":"Thị xã","level3s":[]},{"level2_id":"481","name":"A Lưới","type":"Huyện","level3s":[]},{"level2_id":"482","name":"Phú Lộc","type":"Huyện","level3s":[]},{"level2_id":"483","name":"Nam Đông","type":"Huyện","level3s":[]}],"name":"Thừa Thiên Huế","type":"Tỉnh"},{"level1_id":"82","level2s":[{"level2_id":"815","name":"Thành phố Mỹ Tho","type":"Thành phố","level3s":[]},{"level2_id":"816","name":"Thị xã Gò Công","type":"Thị xã","level3s":[]},{"level2_id":"817","name":"Thị xã Cai Lậy","type":"Thị xã","level3s":[]},{"level2_id":"818","name":"Tân Phước","type":"Huyện","level3s":[]},{"level2_id":"819","name":"Cái Bè","type":"Huyện","level3s":[]},{"level2_id":"820","name":"Cai Lậy","type":"Huyện","level3s":[]},{"level2_id":"821","name":"Châu Thành","type":"Huyện","level3s":[]},{"level2_id":"822","name":"Chợ Gạo","type":"Huyện","level3s":[]},{"level2_id":"823","name":"Gò Công Tây","type":"Huyện","level3s":[]},{"level2_id":"824","name":"Gò Công Đông","type":"Huyện","level3s":[]},{"level2_id":"825","name":"Tân Phú Đông","type":"Huyện","level3s":[]}],"name":"Tiền Giang","type":"Tỉnh"},{"level1_id":"84","level2s":[{"level2_id":"842","name":"Thành phố Trà Vinh","type":"Thành phố","level3s":[]},{"level2_id":"844","name":"Càng Long","type":"Huyện","level3s":[]},{"level2_id":"845","name":"Cầu Kè","type":"Huyện","level3s":[]},{"level2_id":"846","name":"Tiểu Cần","type":"Huyện","level3s":[]},{"level2_id":"847","name":"Châu Thành","type":"Huyện","level3s":[]},{"level2_id":"848","name":"Cầu Ngang","type":"Huyện","level3s":[]},{"level2_id":"849","name":"Trà Cú","type":"Huyện","level3s":[]},{"level2_id":"850","name":"Duyên Hải","type":"Huyện","level3s":[]},{"level2_id":"851","name":"Thị xã Duyên Hải","type":"Thị xã","level3s":[]}],"name":"Trà Vinh","type":"Tỉnh"},{"level1_id":"08","level2s":[{"level2_id":"070","name":"Thành phố Tuyên Quang","type":"Thành phố","level3s":[]},{"level2_id":"071","name":"Lâm Bình","type":"Huyện","level3s":[]},{"level2_id":"072","name":"Na Hang","type":"Huyện","level3s":[]},{"level2_id":"073","name":"Chiêm Hóa","type":"Huyện","level3s":[]},{"level2_id":"074","name":"Hàm Yên","type":"Huyện","level3s":[]},{"level2_id":"075","name":"Yên Sơn","type":"Huyện","level3s":[]},{"level2_id":"076","name":"Sơn Dương","type":"Huyện","level3s":[]}],"name":"Tuyên Quang","type":"Tỉnh"},{"level1_id":"72","level2s":[{"level2_id":"703","name":"Thành phố Tây Ninh","type":"Thành phố","level3s":[]},{"level2_id":"705","name":"Tân Biên","type":"Huyện","level3s":[]},{"level2_id":"706","name":"Tân Châu","type":"Huyện","level3s":[]},{"level2_id":"707","name":"Dương Minh Châu","type":"Huyện","level3s":[]},{"level2_id":"708","name":"Châu Thành","type":"Huyện","level3s":[]},{"level2_id":"709","name":"Thị xã Hòa Thành","type":"Thị xã","level3s":[]},{"level2_id":"710","name":"Gò Dầu","type":"Huyện","level3s":[]},{"level2_id":"711","name":"Bến Cầu","type":"Huyện","level3s":[]},{"level2_id":"712","name":"Thị xã Trảng Bàng","type":"Thị xã","level3s":[]}],"name":"Tây Ninh","type":"Tỉnh"},{"level1_id":"86","level2s":[{"level2_id":"855","name":"Thành phố Vĩnh Long","type":"Thành phố","level3s":[]},{"level2_id":"857","name":"Long Hồ","type":"Huyện","level3s":[]},{"level2_id":"858","name":"Mang Thít","type":"Huyện","level3s":[]},{"level2_id":"859","name":" Vũng Liêm","type":"Huyện","level3s":[]},{"level2_id":"860","name":"Tam Bình","type":"Huyện","level3s":[]},{"level2_id":"861","name":"Thị xã Bình Minh","type":"Thị xã","level3s":[]},{"level2_id":"862","name":"Trà Ôn","type":"Huyện","level3s":[]},{"level2_id":"863","name":"Bình Tân","type":"Huyện","level3s":[]}],"name":"Vĩnh Long","type":"Tỉnh"},{"level1_id":"26","level2s":[{"level2_id":"243","name":"Thành phố Vĩnh Yên","type":"Thành phố","level3s":[]},{"level2_id":"244","name":"Thành phố Phúc Yên","type":"Thành phố","level3s":[]},{"level2_id":"246","name":"Lập Thạch","type":"Huyện","level3s":[]},{"level2_id":"247","name":"Tam Dương","type":"Huyện","level3s":[]},{"level2_id":"248","name":"Tam Đảo","type":"Huyện","level3s":[]},{"level2_id":"249","name":"Bình Xuyên","type":"Huyện","level3s":[]},{"level2_id":"251","name":"Yên Lạc","type":"Huyện","level3s":[]},{"level2_id":"252","name":"Vĩnh Tường","type":"Huyện","level3s":[]},{"level2_id":"253","name":"Sông Lô","type":"Huyện","level3s":[]}],"name":"Vĩnh Phúc","type":"Tỉnh"},{"level1_id":"15","level2s":[{"level2_id":"132","name":"Thành phố Yên Bái","type":"Thành phố","level3s":[]},{"level2_id":"133","name":"Thị xã Nghĩa Lộ","type":"Thị xã","level3s":[]},{"level2_id":"135","name":"Lục Yên","type":"Huyện","level3s":[]},{"level2_id":"136","name":"Văn Yên","type":"Huyện","level3s":[]},{"level2_id":"137","name":"Mù Căng Chải","type":"Huyện","level3s":[]},{"level2_id":"138","name":"Trấn Yên","type":"Huyện","level3s":[]},{"level2_id":"139","name":"Trạm Tấu","type":"Huyện","level3s":[]},{"level2_id":"140","name":"Văn Chấn","type":"Huyện","level3s":[]},{"level2_id":"141","name":"Yên Bình","type":"Huyện","level3s":[]}],"name":"Yên Bái","type":"Tỉnh"},{"level1_id":"11","level2s":[{"level2_id":"094","name":"Thành phố Điện Biên Phủ","type":"Thành phố","level3s":[]},{"level2_id":"095","name":"Thị Xã Mường Lay","type":"Thị xã","level3s":[]},{"level2_id":"096","name":"Mường Nhé","type":"Huyện","level3s":[]},{"level2_id":"097","name":"Mường Chà","type":"Huyện","level3s":[]},{"level2_id":"098","name":"Tủa Chùa","type":"Huyện","level3s":[]},{"level2_id":"099","name":"Tuần Giáo","type":"Huyện","level3s":[]},{"level2_id":"100","name":"Điện Biên","type":"Huyện","level3s":[]},{"level2_id":"101","name":"Điện Biên Đông","type":"Huyện","level3s":[]},{"level2_id":"102","name":"Mường Ảng","type":"Huyện","level3s":[]},{"level2_id":"103","name":"Nậm Pồ","type":"Huyện","level3s":[]}],"name":"Điện Biên","type":"Tỉnh"},{"level1_id":"66","level2s":[{"level2_id":"643","name":"Thành phố Buôn Ma Thuột","type":"Thành phố","level3s":[]},{"level2_id":"644","name":"Thị Xã Buôn Hồ","type":"Thị xã","level3s":[]},{"level2_id":"645","name":"Ea H'leo","type":"Huyện","level3s":[]},{"level2_id":"646","name":"Ea Súp","type":"Huyện","level3s":[]},{"level2_id":"647","name":"Buôn Đôn","type":"Huyện","level3s":[]},{"level2_id":"648","name":"Cư M'gar","type":"Huyện","level3s":[]},{"level2_id":"649","name":"Krông Búk","type":"Huyện","level3s":[]},{"level2_id":"650","name":"Krông Năng","type":"Huyện","level3s":[]},{"level2_id":"651","name":"Ea Kar","type":"Huyện","level3s":[]},{"level2_id":"652","name":"M'Đrắk","type":"Huyện","level3s":[]},{"level2_id":"653","name":"Krông Bông","type":"Huyện","level3s":[]},{"level2_id":"654","name":"Krông Pắc","type":"Huyện","level3s":[]},{"level2_id":"655","name":"Krông A Na","type":"Huyện","level3s":[]},{"level2_id":"656","name":"Lắk","type":"Huyện","level3s":[]},{"level2_id":"657","name":"Cư Kuin","type":"Huyện","level3s":[]}],"name":"Đắk Lắk","type":"Tỉnh"},{"level1_id":"67","level2s":[{"level2_id":"660","name":"Thành phố Gia Nghĩa","type":"Thành phố","level3s":[]},{"level2_id":"661","name":"Đăk Glong","type":"Huyện","level3s":[]},{"level2_id":"662","name":"Cư Jút","type":"Huyện","level3s":[]},{"level2_id":"663","name":"Đắk Mil","type":"Huyện","level3s":[]},{"level2_id":"664","name":"Krông Nô","type":"Huyện","level3s":[]},{"level2_id":"665","name":"Đắk Song","type":"Huyện","level3s":[]},{"level2_id":"666","name":"Đắk R'Lấp","type":"Huyện","level3s":[]},{"level2_id":"667","name":"Tuy Đức","type":"Huyện","level3s":[]}],"name":"Đắk Nông","type":"Tỉnh"},{"level1_id":"75","level2s":[{"level2_id":"731","name":"Thành phố Biên Hòa","type":"Thành phố","level3s":[]},{"level2_id":"732","name":"Thành phố Long Khánh","type":"Thành phố","level3s":[]},{"level2_id":"734","name":"Tân Phú","type":"Huyện","level3s":[]},{"level2_id":"735","name":"Vĩnh Cửu","type":"Huyện","level3s":[]},{"level2_id":"736","name":"Định Quán","type":"Huyện","level3s":[]},{"level2_id":"737","name":"Trảng Bom","type":"Huyện","level3s":[]},{"level2_id":"738","name":"Thống Nhất","type":"Huyện","level3s":[]},{"level2_id":"739","name":"Cẩm Mỹ","type":"Huyện","level3s":[]},{"level2_id":"740","name":"Long Thành","type":"Huyện","level3s":[]},{"level2_id":"741","name":"Xuân Lộc","type":"Huyện","level3s":[]},{"level2_id":"742","name":"Nhơn Trạch","type":"Huyện","level3s":[]}],"name":"Đồng Nai","type":"Tỉnh"},{"level1_id":"87","level2s":[{"level2_id":"866","name":"Thành phố Cao Lãnh","type":"Thành phố","level3s":[]},{"level2_id":"867","name":"Thành phố Sa Đéc","type":"Thành phố","level3s":[]},{"level2_id":"868","name":"Thành phố Hồng Ngự","type":"Thành phố","level3s":[]},{"level2_id":"869","name":"Tân Hồng","type":"Huyện","level3s":[]},{"level2_id":"870","name":"Hồng Ngự","type":"Huyện","level3s":[]},{"level2_id":"871","name":"Tam Nông","type":"Huyện","level3s":[]},{"level2_id":"872","name":"Tháp Mười","type":"Huyện","level3s":[]},{"level2_id":"873","name":"Cao Lãnh","type":"Huyện","level3s":[]},{"level2_id":"874","name":"Thanh Bình","type":"Huyện","level3s":[]},{"level2_id":"875","name":"Lấp Vò","type":"Huyện","level3s":[]},{"level2_id":"876","name":"Lai Vung","type":"Huyện","level3s":[]},{"level2_id":"877","name":"Châu Thành","type":"Huyện","level3s":[]}],"name":"Đồng Tháp","type":"Tỉnh"}],"generate_date":1620484672,"stats":{"elapsed_time":19.865134954452515,"level1_count":63,"level2_count":705,"level3_count":10603}}